{"cameraMode":{"drawMode":0,"name":"Shaded","section":"Shading Mode"},"sceneLighting":true,"audioPlay":false,"sceneViewState":{"m_AlwaysRefresh":false,"showFog":true,"showSkybox":true,"showFlares":true,"showImageEffects":true,"showParticleSystems":true,"showVisualEffectGraphs":true,"m_FxEnabled":true},"in2DMode":false,"pivot":{"x":168.13966369628907,"y":197.0790557861328,"z":-307.1986999511719},"rotation":{"x":-0.09165135771036148,"y":0.024786941707134248,"z":-0.002486255019903183,"w":-0.9955262541770935},"size":415.79168701171877,"orthographic":false}